{
  "factors": {
    "F4": 38.0,
    "F5": 4.8,
    "F3": 4.5,
    "F2": 14.3,
    "F1": 2.3,
    "F6": 3.5
  },
  "product": 94486.39199999999,
  "IFS": 4.97537386194703,
  "timestamp": "2026-02-08"
}
